id_venta,id_producto,nombre_producto_venta,cantidad,precio_unitario_venta,importe,nombre_producto_producto,precio_unitario_producto,fecha,id_cliente,ciudad_Alta Gracia,ciudad_Carlos Paz,ciudad_Cordoba,ciudad_Mendiolaza,ciudad_Rio Cuarto,ciudad_Villa Maria,cat_Alimentos,cat_Limpieza,medio_pago_efectivo,medio_pago_qr,medio_pago_tarjeta,medio_pago_transferencia,outlier,rotacion_dias,mes,total_cantidad,total_importe,total_transacciones,rotacion_promedio
57,41,Aceite de Girasol 1L,4,860,3440,Aceite de Girasol 1L,860,2024-01-10,34,False,False,False,False,False,True,True,False,True,False,False,False,False,0.0,2024-01,19,16340,6,22.833333333333332
86,41,Aceite de Girasol 1L,3,860,2580,Aceite de Girasol 1L,860,2024-01-10,40,False,False,False,False,True,False,True,False,True,False,False,False,False,0.0,2024-01,19,16340,6,22.833333333333332
72,41,Aceite de Girasol 1L,4,860,3440,Aceite de Girasol 1L,860,2024-02-17,26,True,False,False,False,False,False,True,False,False,True,False,False,False,38.0,2024-02,19,16340,6,22.833333333333332
64,41,Aceite de Girasol 1L,2,860,1720,Aceite de Girasol 1L,860,2024-03-07,58,False,False,False,False,True,False,True,False,False,True,False,False,False,19.0,2024-03,19,16340,6,22.833333333333332
80,41,Aceite de Girasol 1L,5,860,4300,Aceite de Girasol 1L,860,2024-03-25,54,True,False,False,False,False,False,True,False,True,False,False,False,False,18.0,2024-03,19,16340,6,22.833333333333332
77,41,Aceite de Girasol 1L,1,860,860,Aceite de Girasol 1L,860,2024-05-26,55,False,False,False,True,False,False,True,False,False,False,True,False,False,62.0,2024-05,19,16340,6,22.833333333333332
82,82,Aceitunas Negras 200g,2,2394,4788,Aceitunas Negras 200g,2394,2024-01-25,19,False,False,False,True,False,False,True,False,False,False,True,False,False,0.0,2024-01,15,35910,4,13.0
105,82,Aceitunas Negras 200g,4,2394,9576,Aceitunas Negras 200g,2394,2024-02-06,1,False,True,False,False,False,False,True,False,False,False,False,True,False,12.0,2024-02,15,35910,4,13.0
30,82,Aceitunas Negras 200g,4,2394,9576,Aceitunas Negras 200g,2394,2024-03-03,93,True,False,False,False,False,False,True,False,True,False,False,False,False,26.0,2024-03,15,35910,4,13.0
2,82,Aceitunas Negras 200g,5,2394,11970,Aceitunas Negras 200g,2394,2024-03-17,49,False,False,False,False,True,False,True,False,False,True,False,False,False,14.0,2024-03,15,35910,4,13.0
13,81,Aceitunas Verdes 200g,3,2520,7560,Aceitunas Verdes 200g,2520,2024-01-24,6,False,False,False,False,False,True,True,False,False,False,True,False,False,0.0,2024-01,22,55440,6,22.333333333333332
17,81,Aceitunas Verdes 200g,5,2520,12600,Aceitunas Verdes 200g,2520,2024-02-17,88,False,False,False,False,False,True,True,False,True,False,False,False,False,24.0,2024-02,22,55440,6,22.333333333333332
96,81,Aceitunas Verdes 200g,3,2520,7560,Aceitunas Verdes 200g,2520,2024-02-23,83,False,False,False,False,True,False,True,False,False,False,True,False,False,6.0,2024-02,22,55440,6,22.333333333333332
39,81,Aceitunas Verdes 200g,4,2520,10080,Aceitunas Verdes 200g,2520,2024-03-05,5,False,False,True,False,False,False,True,False,True,False,False,False,False,11.0,2024-03,22,55440,6,22.333333333333332
52,81,Aceitunas Verdes 200g,5,2520,12600,Aceitunas Verdes 200g,2520,2024-05-10,5,False,False,True,False,False,False,True,False,False,False,True,False,False,66.0,2024-05,22,55440,6,22.333333333333332
79,81,Aceitunas Verdes 200g,2,2520,5040,Aceitunas Verdes 200g,2520,2024-06-06,57,False,False,False,False,True,False,True,False,False,True,False,False,False,27.0,2024-06,22,55440,6,22.333333333333332
107,5,Agua Mineral 500ml,4,4777,19108,Agua Mineral 500ml,4777,2024-05-21,14,False,True,False,False,False,False,True,False,True,False,False,False,False,0.0,2024-05,9,42993,3,2.6666666666666665
83,5,Agua Mineral 500ml,2,4777,9554,Agua Mineral 500ml,4777,2024-05-28,91,False,False,False,True,False,False,True,False,True,False,False,False,False,7.0,2024-05,9,42993,3,2.6666666666666665
38,5,Agua Mineral 500ml,3,4777,14331,Agua Mineral 500ml,4777,2024-05-29,56,False,False,False,False,True,False,True,False,False,False,True,False,False,1.0,2024-05,9,42993,3,2.6666666666666665
29,27,Alfajor Simple,2,2502,5004,Alfajor Simple,2502,2024-02-20,49,False,False,False,False,True,False,True,False,False,True,False,False,False,0.0,2024-02,7,17514,2,45.0
28,27,Alfajor Simple,5,2502,12510,Alfajor Simple,2502,2024-05-20,52,False,False,False,False,True,False,True,False,False,True,False,False,False,90.0,2024-05,7,17514,2,45.0
83,26,Alfajor Triple,2,1001,2002,Alfajor Triple,1001,2024-05-28,91,False,False,False,True,False,False,True,False,True,False,False,False,False,0.0,2024-05,2,2002,1,0.0
39,44,Arroz Largo Fino 1kg,4,2979,11916,Arroz Largo Fino 1kg,2979,2024-03-05,5,False,False,True,False,False,False,True,False,True,False,False,False,False,0.0,2024-03,11,32769,3,30.333333333333332
40,44,Arroz Largo Fino 1kg,2,2979,5958,Arroz Largo Fino 1kg,2979,2024-05-13,15,False,False,True,False,False,False,True,False,True,False,False,False,False,69.0,2024-05,11,32769,3,30.333333333333332
109,44,Arroz Largo Fino 1kg,5,2979,14895,Arroz Largo Fino 1kg,2979,2024-06-04,64,False,False,False,False,False,True,True,False,False,False,False,True,False,22.0,2024-06,11,32769,3,30.333333333333332
23,64,Avena Instantánea 250g,4,3953,15812,Avena Instantánea 250g,3953,2024-05-16,78,False,False,False,False,False,True,True,False,False,False,False,True,False,0.0,2024-05,4,15812,1,0.0
118,50,Azúcar 1kg,2,727,1454,Azúcar 1kg,727,2024-02-09,84,False,False,True,False,False,False,True,False,True,False,False,False,False,0.0,2024-02,11,7997,4,35.0
96,50,Azúcar 1kg,3,727,2181,Azúcar 1kg,727,2024-02-23,83,False,False,False,False,True,False,True,False,False,False,True,False,False,14.0,2024-02,11,7997,4,35.0
36,50,Azúcar 1kg,4,727,2908,Azúcar 1kg,727,2024-06-25,5,False,False,True,False,False,False,True,False,False,False,True,False,False,123.0,2024-06,11,7997,4,35.0
12,50,Azúcar 1kg,2,727,1454,Azúcar 1kg,727,2024-06-28,96,False,False,True,False,False,False,True,False,True,False,False,False,False,3.0,2024-06,11,7997,4,35.0
32,35,Barrita de Cereal 30g,3,4430,13290,Barrita de Cereal 30g,4430,2024-01-30,31,False,False,False,False,False,True,True,False,True,False,False,False,False,0.0,2024-01,11,48730,4,35.25
116,35,Barrita de Cereal 30g,2,4430,8860,Barrita de Cereal 30g,4430,2024-03-18,25,False,False,False,False,True,False,True,False,False,True,False,False,False,48.0,2024-03,11,48730,4,35.25
16,35,Barrita de Cereal 30g,5,4430,22150,Barrita de Cereal 30g,4430,2024-04-12,2,False,True,False,False,False,False,True,False,True,False,False,False,False,25.0,2024-04,11,48730,4,35.25
21,35,Barrita de Cereal 30g,1,4430,4430,Barrita de Cereal 30g,4430,2024-06-19,10,False,False,True,False,False,False,True,False,False,False,False,True,False,68.0,2024-06,11,48730,4,35.25
111,23,Bizcochos Salados,4,2380,9520,Bizcochos Salados,2380,2024-02-12,48,False,False,True,False,False,False,True,False,True,False,False,False,False,0.0,2024-02,13,30940,3,31.0
4,23,Bizcochos Salados,5,2380,11900,Bizcochos Salados,2380,2024-02-27,36,False,False,False,True,False,False,True,False,False,False,False,True,False,15.0,2024-02,13,30940,3,31.0
76,23,Bizcochos Salados,4,2380,9520,Bizcochos Salados,2380,2024-05-15,75,False,False,False,False,True,False,True,False,False,False,True,False,False,78.0,2024-05,13,30940,3,31.0
58,11,Café Molido 250g,1,2053,2053,Café Molido 250g,2053,2024-02-04,48,False,False,True,False,False,False,True,False,False,False,False,True,False,0.0,2024-02,10,20530,5,23.8
96,11,Café Molido 250g,2,2053,4106,Café Molido 250g,2053,2024-02-23,83,False,False,False,False,True,False,True,False,False,False,True,False,False,19.0,2024-02,10,20530,5,23.8
76,11,Café Molido 250g,2,2053,4106,Café Molido 250g,2053,2024-05-15,75,False,False,False,False,True,False,True,False,False,False,True,False,False,82.0,2024-05,10,20530,5,23.8
107,11,Café Molido 250g,2,2053,4106,Café Molido 250g,2053,2024-05-21,14,False,True,False,False,False,False,True,False,True,False,False,False,False,6.0,2024-05,10,20530,5,23.8
71,11,Café Molido 250g,3,2053,6159,Café Molido 250g,2053,2024-06-02,40,False,False,False,False,True,False,True,False,False,True,False,False,False,12.0,2024-06,10,20530,5,23.8
106,88,Caldo Concentrado Carne,3,2570,7710,Caldo Concentrado Carne,2570,2024-03-24,82,True,False,False,False,False,False,True,False,False,False,False,True,False,0.0,2024-03,8,20560,2,33.5
35,88,Caldo Concentrado Carne,5,2570,12850,Caldo Concentrado Carne,2570,2024-05-30,61,False,False,False,False,True,False,True,False,True,False,False,False,False,67.0,2024-05,8,20560,2,33.5
70,89,Caldo Concentrado Verdura,4,1003,4012,Caldo Concentrado Verdura,1003,2024-02-02,41,True,False,False,False,False,False,True,False,False,False,False,True,False,0.0,2024-02,4,4012,1,0.0
50,58,Caramelos Masticables,5,4752,23760,Caramelos Masticables,4752,2024-01-09,8,False,True,False,False,False,False,True,False,False,False,False,True,False,0.0,2024-01,14,66528,5,30.2
105,58,Caramelos Masticables,2,4752,9504,Caramelos Masticables,4752,2024-02-06,1,False,True,False,False,False,False,True,False,False,False,False,True,False,28.0,2024-02,14,66528,5,30.2
29,58,Caramelos Masticables,1,4752,4752,Caramelos Masticables,4752,2024-02-20,49,False,False,False,False,True,False,True,False,False,True,False,False,False,14.0,2024-02,14,66528,5,30.2
39,58,Caramelos Masticables,4,4752,19008,Caramelos Masticables,4752,2024-03-05,5,False,False,True,False,False,False,True,False,True,False,False,False,False,14.0,2024-03,14,66528,5,30.2
100,58,Caramelos Masticables,2,4752,9504,Caramelos Masticables,4752,2024-06-08,69,False,False,False,False,True,False,True,False,False,True,False,False,False,95.0,2024-06,14,66528,5,30.2
118,93,Cepillo de Dientes,3,2142,6426,Cepillo de Dientes,2142,2024-02-09,84,False,False,True,False,False,False,False,True,True,False,False,False,False,0.0,2024-02,9,19278,3,37.0
111,93,Cepillo de Dientes,3,2142,6426,Cepillo de Dientes,2142,2024-02-12,48,False,False,True,False,False,False,False,True,True,False,False,False,False,3.0,2024-02,9,19278,3,37.0
35,93,Cepillo de Dientes,3,2142,6426,Cepillo de Dientes,2142,2024-05-30,61,False,False,False,False,True,False,False,True,True,False,False,False,False,108.0,2024-05,9,19278,3,37.0
86,66,Cerveza Negra 1L,2,1533,3066,Cerveza Negra 1L,1533,2024-01-10,40,False,False,False,False,True,False,True,False,True,False,False,False,False,0.0,2024-01,11,16863,5,8.2
93,66,Cerveza Negra 1L,3,1533,4599,Cerveza Negra 1L,1533,2024-01-29,90,False,False,False,False,True,False,True,False,True,False,False,False,False,19.0,2024-01,11,16863,5,8.2
70,66,Cerveza Negra 1L,3,1533,4599,Cerveza Negra 1L,1533,2024-02-02,41,True,False,False,False,False,False,True,False,False,False,False,True,False,4.0,2024-02,11,16863,5,8.2
43,66,Cerveza Negra 1L,2,1533,3066,Cerveza Negra 1L,1533,2024-02-18,23,False,False,False,False,True,False,True,False,True,False,False,False,False,16.0,2024-02,11,16863,5,8.2
29,66,Cerveza Negra 1L,1,1533,1533,Cerveza Negra 1L,1533,2024-02-20,49,False,False,False,False,True,False,True,False,False,True,False,False,False,2.0,2024-02,11,16863,5,8.2
9,65,Cerveza Rubia 1L,4,2423,9692,Cerveza Rubia 1L,2423,2024-01-20,86,False,False,True,False,False,False,True,False,True,False,False,False,False,0.0,2024-01,13,31499,5,26.0
116,65,Cerveza Rubia 1L,1,2423,2423,Cerveza Rubia 1L,2423,2024-03-18,25,False,False,False,False,True,False,True,False,False,True,False,False,False,58.0,2024-03,13,31499,5,26.0
54,65,Cerveza Rubia 1L,1,2423,2423,Cerveza Rubia 1L,2423,2024-03-26,1,False,True,False,False,False,False,True,False,False,False,True,False,False,8.0,2024-03,13,31499,5,26.0
11,65,Cerveza Rubia 1L,2,2423,4846,Cerveza Rubia 1L,2423,2024-04-10,20,False,False,False,False,True,False,True,False,False,True,False,False,False,15.0,2024-04,13,31499,5,26.0
38,65,Cerveza Rubia 1L,5,2423,12115,Cerveza Rubia 1L,2423,2024-05-29,56,False,False,False,False,True,False,True,False,False,False,True,False,False,49.0,2024-05,13,31499,5,26.0
112,59,Chicle Menta,1,3612,3612,Chicle Menta,3612,2024-01-19,28,False,False,True,False,False,False,True,False,False,False,True,False,False,0.0,2024-01,19,68628,6,24.833333333333332
6,59,Chicle Menta,4,3612,14448,Chicle Menta,3612,2024-05-05,91,False,False,False,True,False,False,True,False,False,False,False,True,False,107.0,2024-05,19,68628,6,24.833333333333332
110,59,Chicle Menta,3,3612,10836,Chicle Menta,3612,2024-05-19,92,True,False,False,False,False,False,True,False,True,False,False,False,False,14.0,2024-05,19,68628,6,24.833333333333332
49,59,Chicle Menta,2,3612,7224,Chicle Menta,3612,2024-06-02,5,False,False,True,False,False,False,True,False,True,False,False,False,False,14.0,2024-06,19,68628,6,24.833333333333332
49,59,Chicle Menta,4,3612,14448,Chicle Menta,3612,2024-06-02,5,False,False,True,False,False,False,True,False,True,False,False,False,False,0.0,2024-06,19,68628,6,24.833333333333332
97,59,Chicle Menta,5,3612,18060,Chicle Menta,3612,2024-06-16,39,True,False,False,False,False,False,True,False,True,False,False,False,False,14.0,2024-06,19,68628,6,24.833333333333332
50,32,Chocolate Amargo 100g,3,2234,6702,Chocolate Amargo 100g,2234,2024-01-09,8,False,True,False,False,False,False,True,False,False,False,False,True,False,0.0,2024-01,18,40212,5,21.6
20,32,Chocolate Amargo 100g,3,2234,6702,Chocolate Amargo 100g,2234,2024-01-13,75,False,False,False,False,True,False,True,False,False,False,True,False,False,4.0,2024-01,18,40212,5,21.6
34,32,Chocolate Amargo 100g,5,2234,11170,Chocolate Amargo 100g,2234,2024-01-13,58,False,False,False,False,True,False,True,False,False,False,False,True,False,0.0,2024-01,18,40212,5,21.6
85,32,Chocolate Amargo 100g,4,2234,8936,Chocolate Amargo 100g,2234,2024-01-23,42,True,False,False,False,False,False,True,False,False,False,False,True,False,10.0,2024-01,18,40212,5,21.6
74,32,Chocolate Amargo 100g,3,2234,6702,Chocolate Amargo 100g,2234,2024-04-26,56,False,False,False,False,True,False,True,False,True,False,False,False,False,94.0,2024-04,18,40212,5,21.6
18,33,Chocolate con Leche 100g,2,1255,2510,Chocolate con Leche 100g,1255,2024-06-11,81,False,True,False,False,False,False,True,False,False,True,False,False,False,0.0,2024-06,2,2510,1,0.0
86,1,Coca Cola 1.5L,4,2347,9388,Coca Cola 1.5L,2347,2024-01-10,40,False,False,False,False,True,False,True,False,True,False,False,False,False,0.0,2024-01,9,21123,2,19.5
43,1,Coca Cola 1.5L,5,2347,11735,Coca Cola 1.5L,2347,2024-02-18,23,False,False,False,False,True,False,True,False,True,False,False,False,False,39.0,2024-02,9,21123,2,19.5
113,92,Crema Dental 90g,3,2512,7536,Crema Dental 90g,2512,2024-03-08,98,False,False,True,False,False,False,False,True,False,False,False,True,False,0.0,2024-03,12,30144,4,21.5
114,92,Crema Dental 90g,4,2512,10048,Crema Dental 90g,2512,2024-05-05,16,False,False,False,False,True,False,False,True,False,True,False,False,False,58.0,2024-05,12,30144,4,21.5
31,92,Crema Dental 90g,4,2512,10048,Crema Dental 90g,2512,2024-05-22,19,False,False,False,True,False,False,False,True,False,False,True,False,False,17.0,2024-05,12,30144,4,21.5
71,92,Crema Dental 90g,1,2512,2512,Crema Dental 90g,2512,2024-06-02,40,False,False,False,False,True,False,False,True,False,True,False,False,False,11.0,2024-06,12,30144,4,21.5
57,98,Desengrasante 500ml,4,2843,11372,Desengrasante 500ml,2843,2024-01-10,34,False,False,False,False,False,True,False,True,True,False,False,False,False,0.0,2024-01,15,42645,6,25.5
45,98,Desengrasante 500ml,1,2843,2843,Desengrasante 500ml,2843,2024-01-19,15,False,False,True,False,False,False,False,True,True,False,False,False,False,9.0,2024-01,15,42645,6,25.5
94,98,Desengrasante 500ml,2,2843,5686,Desengrasante 500ml,2843,2024-03-06,41,True,False,False,False,False,False,False,True,False,True,False,False,False,47.0,2024-03,15,42645,6,25.5
60,98,Desengrasante 500ml,3,2843,8529,Desengrasante 500ml,2843,2024-04-04,81,False,True,False,False,False,False,False,True,False,False,False,True,False,29.0,2024-04,15,42645,6,25.5
77,98,Desengrasante 500ml,2,2843,5686,Desengrasante 500ml,2843,2024-05-26,55,False,False,False,True,False,False,False,True,False,False,True,False,False,52.0,2024-05,15,42645,6,25.5
19,98,Desengrasante 500ml,3,2843,8529,Desengrasante 500ml,2843,2024-06-11,80,False,False,False,True,False,False,False,True,True,False,False,False,False,16.0,2024-06,15,42645,6,25.5
50,91,Desodorante Aerosol,4,4690,18760,Desodorante Aerosol,4690,2024-01-09,8,False,True,False,False,False,False,False,True,False,False,False,True,False,0.0,2024-01,20,93800,7,22.428571428571427
93,91,Desodorante Aerosol,3,4690,14070,Desodorante Aerosol,4690,2024-01-29,90,False,False,False,False,True,False,False,True,True,False,False,False,False,20.0,2024-01,20,93800,7,22.428571428571427
33,91,Desodorante Aerosol,2,4690,9380,Desodorante Aerosol,4690,2024-02-13,6,False,False,False,False,False,True,False,True,True,False,False,False,False,15.0,2024-02,20,93800,7,22.428571428571427
54,91,Desodorante Aerosol,3,4690,14070,Desodorante Aerosol,4690,2024-03-26,1,False,True,False,False,False,False,False,True,False,False,True,False,False,42.0,2024-03,20,93800,7,22.428571428571427
60,91,Desodorante Aerosol,4,4690,18760,Desodorante Aerosol,4690,2024-04-04,81,False,True,False,False,False,False,False,True,False,False,False,True,False,9.0,2024-04,20,93800,7,22.428571428571427
28,91,Desodorante Aerosol,2,4690,9380,Desodorante Aerosol,4690,2024-05-20,52,False,False,False,False,True,False,False,True,False,True,False,False,False,46.0,2024-05,20,93800,7,22.428571428571427
24,91,Desodorante Aerosol,2,4690,9380,Desodorante Aerosol,4690,2024-06-14,55,False,False,False,True,False,False,False,True,False,False,True,False,False,25.0,2024-06,20,93800,7,22.428571428571427
45,52,Detergente Líquido 750ml,2,2582,5164,Detergente Líquido 750ml,2582,2024-01-19,15,False,False,True,False,False,False,False,True,True,False,False,False,False,0.0,2024-01,2,5164,1,0.0
29,36,Dulce de Leche 400g,2,2559,5118,Dulce de Leche 400g,2559,2024-02-20,49,False,False,False,False,True,False,True,False,False,True,False,False,False,0.0,2024-02,16,40944,6,19.5
102,36,Dulce de Leche 400g,3,2559,7677,Dulce de Leche 400g,2559,2024-03-29,18,False,True,False,False,False,False,True,False,True,False,False,False,False,38.0,2024-03,16,40944,6,19.5
14,36,Dulce de Leche 400g,4,2559,10236,Dulce de Leche 400g,2559,2024-04-18,67,True,False,False,False,False,False,True,False,False,True,False,False,False,20.0,2024-04,16,40944,6,19.5
65,36,Dulce de Leche 400g,4,2559,10236,Dulce de Leche 400g,2559,2024-04-30,30,True,False,False,False,False,False,True,False,False,True,False,False,False,12.0,2024-04,16,40944,6,19.5
10,36,Dulce de Leche 400g,2,2559,5118,Dulce de Leche 400g,2559,2024-05-28,52,False,False,False,False,True,False,True,False,False,True,False,False,False,28.0,2024-05,16,40944,6,19.5
97,36,Dulce de Leche 400g,1,2559,2559,Dulce de Leche 400g,2559,2024-06-16,39,True,False,False,False,False,False,True,False,True,False,False,False,False,19.0,2024-06,16,40944,6,19.5
65,77,Empanadas Congeladas,4,4778,19112,Empanadas Congeladas,4778,2024-04-30,30,True,False,False,False,False,False,True,False,False,True,False,False,False,0.0,2024-04,4,19112,1,0.0
67,8,Energética Nitro 500ml,2,4218,8436,Energética Nitro 500ml,4218,2024-03-21,66,False,False,False,False,False,True,True,False,True,False,False,False,False,0.0,2024-03,17,71706,6,15.333333333333334
54,8,Energética Nitro 500ml,3,4218,12654,Energética Nitro 500ml,4218,2024-03-26,1,False,True,False,False,False,False,True,False,False,False,True,False,False,5.0,2024-03,17,71706,6,15.333333333333334
59,8,Energética Nitro 500ml,2,4218,8436,Energética Nitro 500ml,4218,2024-04-28,62,False,True,False,False,False,False,True,False,False,False,True,False,False,33.0,2024-04,17,71706,6,15.333333333333334
114,8,Energética Nitro 500ml,1,4218,4218,Energética Nitro 500ml,4218,2024-05-05,16,False,False,False,False,True,False,True,False,False,True,False,False,False,7.0,2024-05,17,71706,6,15.333333333333334
63,8,Energética Nitro 500ml,5,4218,21090,Energética Nitro 500ml,4218,2024-06-19,25,False,False,False,False,True,False,True,False,False,False,True,False,False,45.0,2024-06,17,71706,6,15.333333333333334
88,8,Energética Nitro 500ml,4,4218,16872,Energética Nitro 500ml,4218,2024-06-21,37,False,False,False,True,False,False,True,False,True,False,False,False,False,2.0,2024-06,17,71706,6,15.333333333333334
105,4,Fanta Naranja 1.5L,4,2033,8132,Fanta Naranja 1.5L,2033,2024-02-06,1,False,True,False,False,False,False,True,False,False,False,False,True,False,0.0,2024-02,16,32528,5,26.2
4,4,Fanta Naranja 1.5L,2,2033,4066,Fanta Naranja 1.5L,2033,2024-02-27,36,False,False,False,True,False,False,True,False,False,False,False,True,False,21.0,2024-02,16,32528,5,26.2
64,4,Fanta Naranja 1.5L,2,2033,4066,Fanta Naranja 1.5L,2033,2024-03-07,58,False,False,False,False,True,False,True,False,False,True,False,False,False,9.0,2024-03,16,32528,5,26.2
18,4,Fanta Naranja 1.5L,5,2033,10165,Fanta Naranja 1.5L,2033,2024-06-11,81,False,True,False,False,False,False,True,False,False,True,False,False,False,96.0,2024-06,16,32528,5,26.2
97,4,Fanta Naranja 1.5L,3,2033,6099,Fanta Naranja 1.5L,2033,2024-06-16,39,True,False,False,False,False,False,True,False,True,False,False,False,False,5.0,2024-06,16,32528,5,26.2
48,70,Fernet 750ml,1,4061,4061,Fernet 750ml,4061,2024-01-26,84,False,False,True,False,False,False,True,False,False,True,False,False,False,0.0,2024-01,9,36549,5,29.0
118,70,Fernet 750ml,2,4061,8122,Fernet 750ml,4061,2024-02-09,84,False,False,True,False,False,False,True,False,True,False,False,False,False,14.0,2024-02,9,36549,5,29.0
103,70,Fernet 750ml,1,4061,4061,Fernet 750ml,4061,2024-03-11,39,True,False,False,False,False,False,True,False,True,False,False,False,False,31.0,2024-03,9,36549,5,29.0
2,70,Fernet 750ml,2,4061,8122,Fernet 750ml,4061,2024-03-17,49,False,False,False,False,True,False,True,False,False,True,False,False,False,6.0,2024-03,9,36549,5,29.0
63,70,Fernet 750ml,3,4061,12183,Fernet 750ml,4061,2024-06-19,25,False,False,False,False,True,False,True,False,False,False,True,False,False,94.0,2024-06,9,36549,5,29.0
119,45,Fideos Spaghetti 500g,5,745,3725,Fideos Spaghetti 500g,745,2024-02-07,51,False,False,False,False,True,False,True,False,False,True,False,False,False,0.0,2024-02,9,6705,2,66.5
63,45,Fideos Spaghetti 500g,4,745,2980,Fideos Spaghetti 500g,745,2024-06-19,25,False,False,False,False,True,False,True,False,False,False,True,False,False,133.0,2024-06,9,6705,2,66.5
94,24,Galletitas Chocolate,1,1305,1305,Galletitas Chocolate,1305,2024-03-06,41,True,False,False,False,False,False,True,False,False,True,False,False,False,0.0,2024-03,11,14355,5,19.4
22,24,Galletitas Chocolate,4,1305,5220,Galletitas Chocolate,1305,2024-05-08,64,False,False,False,False,False,True,True,False,False,False,False,True,False,63.0,2024-05,11,14355,5,19.4
76,24,Galletitas Chocolate,1,1305,1305,Galletitas Chocolate,1305,2024-05-15,75,False,False,False,False,True,False,True,False,False,False,True,False,False,7.0,2024-05,11,14355,5,19.4
73,24,Galletitas Chocolate,3,1305,3915,Galletitas Chocolate,1305,2024-05-16,42,True,False,False,False,False,False,True,False,False,False,False,True,False,1.0,2024-05,11,14355,5,19.4
18,24,Galletitas Chocolate,2,1305,2610,Galletitas Chocolate,1305,2024-06-11,81,False,True,False,False,False,False,True,False,False,True,False,False,False,26.0,2024-06,11,14355,5,19.4
6,25,Galletitas Vainilla,2,4015,8030,Galletitas Vainilla,4015,2024-05-05,91,False,False,False,True,False,False,True,False,False,False,False,True,False,0.0,2024-05,2,8030,1,0.0
33,47,Garbanzos 500g,2,2939,5878,Garbanzos 500g,2939,2024-02-13,6,False,False,False,False,False,True,True,False,True,False,False,False,False,0.0,2024-02,11,32329,4,19.5
44,47,Garbanzos 500g,2,2939,5878,Garbanzos 500g,2939,2024-02-21,21,True,False,False,False,False,False,True,False,True,False,False,False,False,8.0,2024-02,11,32329,4,19.5
42,47,Garbanzos 500g,3,2939,8817,Garbanzos 500g,2939,2024-04-18,12,True,False,False,False,False,False,True,False,False,False,True,False,False,57.0,2024-04,11,32329,4,19.5
62,47,Garbanzos 500g,4,2939,11756,Garbanzos 500g,2939,2024-05-01,100,False,False,True,False,False,False,True,False,False,False,False,True,False,13.0,2024-05,11,32329,4,19.5
42,73,Gin 700ml,3,1561,4683,Gin 700ml,1561,2024-04-18,12,True,False,False,False,False,False,True,False,False,False,True,False,False,0.0,2024-04,8,12488,2,20.0
83,73,Gin 700ml,5,1561,7805,Gin 700ml,1561,2024-05-28,91,False,False,False,True,False,False,True,False,True,False,False,False,False,40.0,2024-05,8,12488,2,20.0
7,63,Granola 250g,3,4337,13011,Granola 250g,4337,2024-05-06,92,True,False,False,False,False,False,True,False,True,False,False,False,False,0.0,2024-05,6,26022,2,18.0
19,63,Granola 250g,3,4337,13011,Granola 250g,4337,2024-06-11,80,False,False,False,True,False,False,True,False,True,False,False,False,False,36.0,2024-06,6,26022,2,18.0
90,79,Hamburguesas Congeladas x4,4,2420,9680,Hamburguesas Congeladas x4,2420,2024-01-08,46,True,False,False,False,False,False,True,False,False,True,False,False,False,0.0,2024-01,24,58080,6,24.333333333333332
26,79,Hamburguesas Congeladas x4,2,2420,4840,Hamburguesas Congeladas x4,2420,2024-01-23,49,False,False,False,False,True,False,True,False,True,False,False,False,False,15.0,2024-01,24,58080,6,24.333333333333332
103,79,Hamburguesas Congeladas x4,5,2420,12100,Hamburguesas Congeladas x4,2420,2024-03-11,39,True,False,False,False,False,False,True,False,True,False,False,False,False,48.0,2024-03,24,58080,6,24.333333333333332
2,79,Hamburguesas Congeladas x4,4,2420,9680,Hamburguesas Congeladas x4,2420,2024-03-17,49,False,False,False,False,True,False,True,False,False,True,False,False,False,6.0,2024-03,24,58080,6,24.333333333333332
78,79,Hamburguesas Congeladas x4,5,2420,12100,Hamburguesas Congeladas x4,2420,2024-04-29,12,True,False,False,False,False,False,True,False,False,True,False,False,False,43.0,2024-04,24,58080,6,24.333333333333332
71,79,Hamburguesas Congeladas x4,4,2420,9680,Hamburguesas Congeladas x4,2420,2024-06-02,40,False,False,False,False,True,False,True,False,False,True,False,False,False,34.0,2024-06,24,58080,6,24.333333333333332
43,49,Harina de Trigo 1kg,2,2512,5024,Harina de Trigo 1kg,2512,2024-02-18,23,False,False,False,False,True,False,True,False,True,False,False,False,False,0.0,2024-02,6,15072,2,7.0
30,49,Harina de Trigo 1kg,4,2512,10048,Harina de Trigo 1kg,2512,2024-03-03,93,True,False,False,False,False,False,True,False,True,False,False,False,False,14.0,2024-03,6,15072,2,7.0
99,40,Helado Chocolate 1L,5,1215,6075,Helado Chocolate 1L,1215,2024-03-13,51,False,False,False,False,True,False,True,False,False,False,False,True,False,0.0,2024-03,10,12150,2,46.5
24,40,Helado Chocolate 1L,5,1215,6075,Helado Chocolate 1L,1215,2024-06-14,55,False,False,False,True,False,False,True,False,False,False,True,False,False,93.0,2024-06,10,12150,2,46.5
55,39,Helado Vainilla 1L,4,469,1876,Helado Vainilla 1L,469,2024-01-04,100,False,False,True,False,False,False,True,False,False,True,False,False,False,0.0,2024-01,18,8442,5,28.6
2,39,Helado Vainilla 1L,5,469,2345,Helado Vainilla 1L,469,2024-03-17,49,False,False,False,False,True,False,True,False,False,True,False,False,False,73.0,2024-03,18,8442,5,28.6
80,39,Helado Vainilla 1L,5,469,2345,Helado Vainilla 1L,469,2024-03-25,54,True,False,False,False,False,False,True,False,True,False,False,False,False,8.0,2024-03,18,8442,5,28.6
78,39,Helado Vainilla 1L,2,469,938,Helado Vainilla 1L,469,2024-04-29,12,True,False,False,False,False,False,True,False,False,True,False,False,False,35.0,2024-04,18,8442,5,28.6
77,39,Helado Vainilla 1L,2,469,938,Helado Vainilla 1L,469,2024-05-26,55,False,False,False,True,False,False,True,False,False,False,True,False,False,27.0,2024-05,18,8442,5,28.6
85,80,Helado de Frutilla 1L,2,1981,3962,Helado de Frutilla 1L,1981,2024-01-23,42,True,False,False,False,False,False,True,False,False,False,False,True,False,0.0,2024-01,8,15848,3,42.666666666666664
93,80,Helado de Frutilla 1L,4,1981,7924,Helado de Frutilla 1L,1981,2024-01-29,90,False,False,False,False,True,False,True,False,True,False,False,False,False,6.0,2024-01,8,15848,3,42.666666666666664
35,80,Helado de Frutilla 1L,2,1981,3962,Helado de Frutilla 1L,1981,2024-05-30,61,False,False,False,False,True,False,True,False,True,False,False,False,False,122.0,2024-05,8,15848,3,42.666666666666664
72,94,Hilo Dental,3,1418,4254,Hilo Dental,1418,2024-02-17,26,True,False,False,False,False,False,False,True,False,True,False,False,False,0.0,2024-02,7,9926,2,66.0
68,94,Hilo Dental,4,1418,5672,Hilo Dental,1418,2024-06-28,27,False,False,False,False,True,False,False,True,False,True,False,False,False,132.0,2024-06,7,9926,2,66.0
48,54,Jabón de Tocador,5,1592,7960,Jabón de Tocador,1592,2024-01-26,84,False,False,True,False,False,False,False,True,False,True,False,False,False,0.0,2024-01,10,15920,2,26.0
116,54,Jabón de Tocador,5,1592,7960,Jabón de Tocador,1592,2024-03-18,25,False,False,False,False,True,False,False,True,False,True,False,False,False,52.0,2024-03,10,15920,2,26.0
27,7,Jugo de Manzana 1L,4,3269,13076,Jugo de Manzana 1L,3269,2024-02-25,9,False,True,False,False,False,False,True,False,False,False,False,True,False,0.0,2024-02,14,45766,4,29.25
30,7,Jugo de Manzana 1L,1,3269,3269,Jugo de Manzana 1L,3269,2024-03-03,93,True,False,False,False,False,False,True,False,True,False,False,False,False,7.0,2024-03,14,45766,4,29.25
107,7,Jugo de Manzana 1L,4,3269,13076,Jugo de Manzana 1L,3269,2024-05-21,14,False,True,False,False,False,False,True,False,True,False,False,False,False,79.0,2024-05,14,45766,4,29.25
88,7,Jugo de Manzana 1L,5,3269,16345,Jugo de Manzana 1L,3269,2024-06-21,37,False,False,False,True,False,False,True,False,True,False,False,False,False,31.0,2024-06,14,45766,4,29.25
90,6,Jugo de Naranja 1L,2,4170,8340,Jugo de Naranja 1L,4170,2024-01-08,46,True,False,False,False,False,False,True,False,False,True,False,False,False,0.0,2024-01,11,45870,4,33.0
47,6,Jugo de Naranja 1L,3,4170,12510,Jugo de Naranja 1L,4170,2024-05-04,52,False,False,False,False,True,False,True,False,False,False,False,True,False,117.0,2024-05,11,45870,4,33.0
110,6,Jugo de Naranja 1L,1,4170,4170,Jugo de Naranja 1L,4170,2024-05-19,92,True,False,False,False,False,False,True,False,True,False,False,False,False,15.0,2024-05,11,45870,4,33.0
110,6,Jugo de Naranja 1L,5,4170,20850,Jugo de Naranja 1L,4170,2024-05-19,92,True,False,False,False,False,False,True,False,True,False,False,False,False,0.0,2024-05,11,45870,4,33.0
26,86,Jugo en Polvo Limón,1,4090,4090,Jugo en Polvo Limón,4090,2024-01-23,49,False,False,False,False,True,False,True,False,True,False,False,False,False,0.0,2024-01,12,49080,4,35.0
94,86,Jugo en Polvo Limón,5,4090,20450,Jugo en Polvo Limón,4090,2024-03-06,41,True,False,False,False,False,False,True,False,False,True,False,False,False,43.0,2024-03,12,49080,4,35.0
87,86,Jugo en Polvo Limón,2,4090,8180,Jugo en Polvo Limón,4090,2024-04-20,100,False,False,True,False,False,False,True,False,False,True,False,False,False,45.0,2024-04,12,49080,4,35.0
5,86,Jugo en Polvo Limón,4,4090,16360,Jugo en Polvo Limón,4090,2024-06-11,56,False,False,False,False,True,False,True,False,False,False,True,False,False,52.0,2024-06,12,49080,4,35.0
3,85,Jugo en Polvo Naranja,1,1856,1856,Jugo en Polvo Naranja,1856,2024-01-13,20,False,False,False,False,True,False,True,False,False,False,True,False,False,0.0,2024-01,5,9280,3,47.0
78,85,Jugo en Polvo Naranja,1,1856,1856,Jugo en Polvo Naranja,1856,2024-04-29,12,True,False,False,False,False,False,True,False,False,True,False,False,False,107.0,2024-04,5,9280,3,47.0
49,85,Jugo en Polvo Naranja,3,1856,5568,Jugo en Polvo Naranja,1856,2024-06-02,5,False,False,True,False,False,False,True,False,True,False,False,False,False,34.0,2024-06,5,9280,3,47.0
8,53,Lavandina 1L,5,1664,8320,Lavandina 1L,1664,2024-01-06,66,False,False,False,False,False,True,False,True,False,False,False,True,False,0.0,2024-01,21,34944,7,23.857142857142858
32,53,Lavandina 1L,4,1664,6656,Lavandina 1L,1664,2024-01-30,31,False,False,False,False,False,True,False,True,True,False,False,False,False,24.0,2024-01,21,34944,7,23.857142857142858
113,53,Lavandina 1L,2,1664,3328,Lavandina 1L,1664,2024-03-08,98,False,False,True,False,False,False,False,True,False,False,False,True,False,38.0,2024-03,21,34944,7,23.857142857142858
67,53,Lavandina 1L,1,1664,1664,Lavandina 1L,1664,2024-03-21,66,False,False,False,False,False,True,False,True,True,False,False,False,False,13.0,2024-03,21,34944,7,23.857142857142858
87,53,Lavandina 1L,2,1664,3328,Lavandina 1L,1664,2024-04-20,100,False,False,True,False,False,False,False,True,False,True,False,False,False,30.0,2024-04,21,34944,7,23.857142857142858
77,53,Lavandina 1L,2,1664,3328,Lavandina 1L,1664,2024-05-26,55,False,False,False,True,False,False,False,True,False,False,True,False,False,36.0,2024-05,21,34944,7,23.857142857142858
88,53,Lavandina 1L,5,1664,8320,Lavandina 1L,1664,2024-06-21,37,False,False,False,True,False,False,False,True,True,False,False,False,False,26.0,2024-06,21,34944,7,23.857142857142858
41,15,Leche Descremada 1L,1,2538,2538,Leche Descremada 1L,2538,2024-03-08,29,True,False,False,False,False,False,True,False,False,False,True,False,False,0.0,2024-03,5,12690,3,31.666666666666668
60,15,Leche Descremada 1L,1,2538,2538,Leche Descremada 1L,2538,2024-04-04,81,False,True,False,False,False,False,True,False,False,False,False,True,False,27.0,2024-04,5,12690,3,31.666666666666668
18,15,Leche Descremada 1L,3,2538,7614,Leche Descremada 1L,2538,2024-06-11,81,False,True,False,False,False,False,True,False,False,True,False,False,False,68.0,2024-06,5,12690,3,31.666666666666668
74,14,Leche Entera 1L,2,1723,3446,Leche Entera 1L,1723,2024-04-26,56,False,False,False,False,True,False,True,False,True,False,False,False,False,0.0,2024-04,5,8615,2,16.5
38,14,Leche Entera 1L,3,1723,5169,Leche Entera 1L,1723,2024-05-29,56,False,False,False,False,True,False,True,False,False,False,True,False,False,33.0,2024-05,5,8615,2,16.5
17,46,Lentejas Secas 500g,5,3036,15180,Lentejas Secas 500g,3036,2024-02-17,88,False,False,False,False,False,True,True,False,True,False,False,False,False,0.0,2024-02,5,15180,1,0.0
111,97,Limpiavidrios 500ml,4,872,3488,Limpiavidrios 500ml,872,2024-02-12,48,False,False,True,False,False,False,False,True,True,False,False,False,False,0.0,2024-02,15,13080,4,19.0
115,97,Limpiavidrios 500ml,5,872,4360,Limpiavidrios 500ml,872,2024-02-16,3,False,False,False,False,True,False,False,True,False,False,False,True,False,4.0,2024-02,15,13080,4,19.0
14,97,Limpiavidrios 500ml,1,872,872,Limpiavidrios 500ml,872,2024-04-18,67,True,False,False,False,False,False,False,True,False,True,False,False,False,62.0,2024-04,15,13080,4,19.0
59,97,Limpiavidrios 500ml,5,872,4360,Limpiavidrios 500ml,872,2024-04-28,62,False,True,False,False,False,False,False,True,False,False,True,False,False,10.0,2024-04,15,13080,4,19.0
73,19,Manteca 200g,1,3251,3251,Manteca 200g,3251,2024-05-16,42,True,False,False,False,False,False,True,False,False,False,False,True,False,0.0,2024-05,4,13004,2,8.0
61,19,Manteca 200g,3,3251,9753,Manteca 200g,3251,2024-06-01,27,False,False,False,False,True,False,True,False,True,False,False,False,False,16.0,2024-06,4,13004,2,8.0
80,30,Maní Salado 200g,3,4875,14625,Maní Salado 200g,4875,2024-03-25,54,True,False,False,False,False,False,True,False,True,False,False,False,False,0.0,2024-03,3,14625,1,0.0
115,95,Mascarilla Capilar,4,1581,6324,Mascarilla Capilar,1581,2024-02-16,3,False,False,False,False,True,False,False,True,False,False,False,True,False,0.0,2024-02,14,22134,4,30.5
25,95,Mascarilla Capilar,5,1581,7905,Mascarilla Capilar,1581,2024-04-30,13,False,True,False,False,False,False,False,True,False,False,False,True,False,74.0,2024-04,14,22134,4,30.5
62,95,Mascarilla Capilar,3,1581,4743,Mascarilla Capilar,1581,2024-05-01,100,False,False,True,False,False,False,False,True,False,False,False,True,False,1.0,2024-05,14,22134,4,30.5
104,95,Mascarilla Capilar,2,1581,3162,Mascarilla Capilar,1581,2024-06-17,86,False,False,True,False,False,False,False,True,False,True,False,False,False,47.0,2024-06,14,22134,4,30.5
39,22,Medialunas de Manteca,2,2069,4138,Medialunas de Manteca,2069,2024-03-05,5,False,False,True,False,False,False,True,False,True,False,False,False,False,0.0,2024-03,15,31035,5,19.6
2,22,Medialunas de Manteca,1,2069,2069,Medialunas de Manteca,2069,2024-03-17,49,False,False,False,False,True,False,True,False,False,True,False,False,False,12.0,2024-03,15,31035,5,19.6
65,22,Medialunas de Manteca,3,2069,6207,Medialunas de Manteca,2069,2024-04-30,30,True,False,False,False,False,False,True,False,False,True,False,False,False,44.0,2024-04,15,31035,5,19.6
76,22,Medialunas de Manteca,4,2069,8276,Medialunas de Manteca,2069,2024-05-15,75,False,False,False,False,True,False,True,False,False,False,True,False,False,15.0,2024-05,15,31035,5,19.6
18,22,Medialunas de Manteca,5,2069,10345,Medialunas de Manteca,2069,2024-06-11,81,False,True,False,False,False,False,True,False,False,True,False,False,False,27.0,2024-06,15,31035,5,19.6
78,37,Mermelada de Durazno 400g,3,3196,9588,Mermelada de Durazno 400g,3196,2024-04-29,12,True,False,False,False,False,False,True,False,False,True,False,False,False,0.0,2024-04,9,28764,3,19.666666666666668
10,37,Mermelada de Durazno 400g,3,3196,9588,Mermelada de Durazno 400g,3196,2024-05-28,52,False,False,False,False,True,False,True,False,False,True,False,False,False,29.0,2024-05,9,28764,3,19.666666666666668
15,37,Mermelada de Durazno 400g,3,3196,9588,Mermelada de Durazno 400g,3196,2024-06-27,56,False,False,False,False,True,False,True,False,False,False,False,True,False,30.0,2024-06,9,28764,3,19.666666666666668
82,38,Mermelada de Frutilla 400g,1,1584,1584,Mermelada de Frutilla 400g,1584,2024-01-25,19,False,False,False,True,False,False,True,False,False,False,True,False,False,0.0,2024-01,21,33264,7,22.142857142857142
70,38,Mermelada de Frutilla 400g,3,1584,4752,Mermelada de Frutilla 400g,1584,2024-02-02,41,True,False,False,False,False,False,True,False,False,False,False,True,False,8.0,2024-02,21,33264,7,22.142857142857142
14,38,Mermelada de Frutilla 400g,3,1584,4752,Mermelada de Frutilla 400g,1584,2024-04-18,67,True,False,False,False,False,False,True,False,False,True,False,False,False,76.0,2024-04,21,33264,7,22.142857142857142
65,38,Mermelada de Frutilla 400g,5,1584,7920,Mermelada de Frutilla 400g,1584,2024-04-30,30,True,False,False,False,False,False,True,False,False,True,False,False,False,12.0,2024-04,21,33264,7,22.142857142857142
52,38,Mermelada de Frutilla 400g,3,1584,4752,Mermelada de Frutilla 400g,1584,2024-05-10,5,False,False,True,False,False,False,True,False,False,False,True,False,False,10.0,2024-05,21,33264,7,22.142857142857142
19,38,Mermelada de Frutilla 400g,2,1584,3168,Mermelada de Frutilla 400g,1584,2024-06-11,80,False,False,False,True,False,False,True,False,True,False,False,False,False,32.0,2024-06,21,33264,7,22.142857142857142
12,38,Mermelada de Frutilla 400g,4,1584,6336,Mermelada de Frutilla 400g,1584,2024-06-28,96,False,False,True,False,False,False,True,False,True,False,False,False,False,17.0,2024-06,21,33264,7,22.142857142857142
98,61,Miel Pura 250g,1,4982,4982,Miel Pura 250g,4982,2024-01-12,43,False,False,False,True,False,False,True,False,False,False,False,True,False,0.0,2024-01,3,14946,2,31.0
117,61,Miel Pura 250g,2,4982,9964,Miel Pura 250g,4982,2024-03-14,72,False,False,True,False,False,False,True,False,False,False,True,False,False,62.0,2024-03,3,14946,2,31.0
57,31,Mix de Frutos Secos 200g,3,3409,10227,Mix de Frutos Secos 200g,3409,2024-01-10,34,False,False,False,False,False,True,True,False,True,False,False,False,False,0.0,2024-01,8,27272,4,29.0
51,31,Mix de Frutos Secos 200g,1,3409,3409,Mix de Frutos Secos 200g,3409,2024-02-18,39,True,False,False,False,False,False,True,False,True,False,False,False,False,39.0,2024-02,8,27272,4,29.0
59,31,Mix de Frutos Secos 200g,1,3409,3409,Mix de Frutos Secos 200g,3409,2024-04-28,62,False,True,False,False,False,False,True,False,False,False,True,False,False,70.0,2024-04,8,27272,4,29.0
6,31,Mix de Frutos Secos 200g,3,3409,10227,Mix de Frutos Secos 200g,3409,2024-05-05,91,False,False,False,True,False,False,True,False,False,False,False,True,False,7.0,2024-05,8,27272,4,29.0
111,20,Pan Lactal Blanco,2,1571,3142,Pan Lactal Blanco,1571,2024-02-12,48,False,False,True,False,False,False,True,False,True,False,False,False,False,0.0,2024-02,9,14139,3,37.666666666666664
120,20,Pan Lactal Blanco,5,1571,7855,Pan Lactal Blanco,1571,2024-04-21,72,False,False,True,False,False,False,True,False,False,False,True,False,False,69.0,2024-04,9,14139,3,37.666666666666664
109,20,Pan Lactal Blanco,2,1571,3142,Pan Lactal Blanco,1571,2024-06-04,64,False,False,False,False,False,True,True,False,False,False,False,True,False,44.0,2024-06,9,14139,3,37.666666666666664
112,21,Pan Lactal Integral,4,272,1088,Pan Lactal Integral,272,2024-01-19,28,False,False,True,False,False,False,True,False,False,False,True,False,False,0.0,2024-01,11,2992,4,33.75
46,21,Pan Lactal Integral,1,272,272,Pan Lactal Integral,272,2024-03-25,46,True,False,False,False,False,False,True,False,False,False,True,False,False,66.0,2024-03,11,2992,4,33.75
60,21,Pan Lactal Integral,2,272,544,Pan Lactal Integral,272,2024-04-04,81,False,True,False,False,False,False,True,False,False,False,False,True,False,10.0,2024-04,11,2992,4,33.75
49,21,Pan Lactal Integral,4,272,1088,Pan Lactal Integral,272,2024-06-02,5,False,False,True,False,False,False,True,False,True,False,False,False,False,59.0,2024-06,11,2992,4,33.75
98,28,Papas Fritas Clásicas 100g,4,936,3744,Papas Fritas Clásicas 100g,936,2024-01-12,43,False,False,False,True,False,False,True,False,False,False,False,True,False,0.0,2024-01,12,11232,6,20.833333333333332
53,28,Papas Fritas Clásicas 100g,1,936,936,Papas Fritas Clásicas 100g,936,2024-01-25,56,False,False,False,False,True,False,True,False,False,False,True,False,False,13.0,2024-01,12,11232,6,20.833333333333332
82,28,Papas Fritas Clásicas 100g,2,936,1872,Papas Fritas Clásicas 100g,936,2024-01-25,19,False,False,False,True,False,False,True,False,False,False,True,False,False,0.0,2024-01,12,11232,6,20.833333333333332
11,28,Papas Fritas Clásicas 100g,1,936,936,Papas Fritas Clásicas 100g,936,2024-04-10,20,False,False,False,False,True,False,True,False,False,True,False,False,False,76.0,2024-04,12,11232,6,20.833333333333332
22,28,Papas Fritas Clásicas 100g,3,936,2808,Papas Fritas Clásicas 100g,936,2024-05-08,64,False,False,False,False,False,True,True,False,False,False,False,True,False,28.0,2024-05,12,11232,6,20.833333333333332
73,28,Papas Fritas Clásicas 100g,1,936,936,Papas Fritas Clásicas 100g,936,2024-05-16,42,True,False,False,False,False,False,True,False,False,False,False,True,False,8.0,2024-05,12,11232,6,20.833333333333332
98,29,Papas Fritas Onduladas 100g,1,1868,1868,Papas Fritas Onduladas 100g,1868,2024-01-12,43,False,False,False,True,False,False,True,False,False,False,False,True,False,0.0,2024-01,7,13076,3,32.333333333333336
82,29,Papas Fritas Onduladas 100g,5,1868,9340,Papas Fritas Onduladas 100g,1868,2024-01-25,19,False,False,False,True,False,False,True,False,False,False,True,False,False,13.0,2024-01,7,13076,3,32.333333333333336
42,29,Papas Fritas Onduladas 100g,1,1868,1868,Papas Fritas Onduladas 100g,1868,2024-04-18,12,True,False,False,False,False,False,True,False,False,False,True,False,False,84.0,2024-04,7,13076,3,32.333333333333336
79,56,Papel Higiénico x4,2,2532,5064,Papel Higiénico x4,2532,2024-06-06,57,False,False,False,False,True,False,False,True,False,True,False,False,False,0.0,2024-06,5,12660,2,11.0
12,56,Papel Higiénico x4,3,2532,7596,Papel Higiénico x4,2532,2024-06-28,96,False,False,True,False,False,False,False,True,True,False,False,False,False,22.0,2024-06,5,12660,2,11.0
3,2,Pepsi 1.5L,2,4973,9946,Pepsi 1.5L,4973,2024-01-13,20,False,False,False,False,True,False,True,False,False,False,True,False,False,0.0,2024-01,9,44757,3,52.666666666666664
75,2,Pepsi 1.5L,5,4973,24865,Pepsi 1.5L,4973,2024-05-23,61,False,False,False,False,True,False,True,False,False,True,False,False,False,131.0,2024-05,9,44757,3,52.666666666666664
63,2,Pepsi 1.5L,2,4973,9946,Pepsi 1.5L,4973,2024-06-19,25,False,False,False,False,True,False,True,False,False,False,True,False,False,27.0,2024-06,9,44757,3,52.666666666666664
84,76,Pizza Congelada Muzzarella,4,4286,17144,Pizza Congelada Muzzarella,4286,2024-01-02,72,False,False,True,False,False,False,True,False,True,False,False,False,False,0.0,2024-01,20,85720,5,33.8
69,76,Pizza Congelada Muzzarella,4,4286,17144,Pizza Congelada Muzzarella,4286,2024-01-06,42,True,False,False,False,False,False,True,False,False,True,False,False,False,4.0,2024-01,20,85720,5,33.8
57,76,Pizza Congelada Muzzarella,3,4286,12858,Pizza Congelada Muzzarella,4286,2024-01-10,34,False,False,False,False,False,True,True,False,True,False,False,False,False,4.0,2024-01,20,85720,5,33.8
33,76,Pizza Congelada Muzzarella,4,4286,17144,Pizza Congelada Muzzarella,4286,2024-02-13,6,False,False,False,False,False,True,True,False,True,False,False,False,False,34.0,2024-02,20,85720,5,33.8
21,76,Pizza Congelada Muzzarella,5,4286,21430,Pizza Congelada Muzzarella,4286,2024-06-19,10,False,False,True,False,False,False,True,False,False,False,False,True,False,127.0,2024-06,20,85720,5,33.8
44,48,Porotos Negros 500g,1,4462,4462,Porotos Negros 500g,4462,2024-02-21,21,True,False,False,False,False,False,True,False,True,False,False,False,False,0.0,2024-02,3,13386,2,62.5
36,48,Porotos Negros 500g,2,4462,8924,Porotos Negros 500g,4462,2024-06-25,5,False,False,True,False,False,False,True,False,False,False,True,False,False,125.0,2024-06,3,13386,2,62.5
115,84,Queso Azul 150g,2,1645,3290,Queso Azul 150g,1645,2024-02-16,3,False,False,False,False,True,False,True,False,False,False,False,True,False,0.0,2024-02,8,13160,3,32.0
114,84,Queso Azul 150g,1,1645,1645,Queso Azul 150g,1645,2024-05-05,16,False,False,False,False,True,False,True,False,False,True,False,False,False,79.0,2024-05,8,13160,3,32.0
31,84,Queso Azul 150g,5,1645,8225,Queso Azul 150g,1645,2024-05-22,19,False,False,False,True,False,False,True,False,False,False,True,False,False,17.0,2024-05,8,13160,3,32.0
32,17,Queso Cremoso 500g,3,4834,14502,Queso Cremoso 500g,4834,2024-01-30,31,False,False,False,False,False,True,True,False,True,False,False,False,False,0.0,2024-01,9,43506,3,30.0
115,17,Queso Cremoso 500g,4,4834,19336,Queso Cremoso 500g,4834,2024-02-16,3,False,False,False,False,True,False,True,False,False,False,False,True,False,17.0,2024-02,9,43506,3,30.0
78,17,Queso Cremoso 500g,2,4834,9668,Queso Cremoso 500g,4834,2024-04-29,12,True,False,False,False,False,False,True,False,False,True,False,False,False,73.0,2024-04,9,43506,3,30.0
8,18,Queso Rallado 150g,4,3444,13776,Queso Rallado 150g,3444,2024-01-06,66,False,False,False,False,False,True,True,False,False,False,False,True,False,0.0,2024-01,26,89544,9,17.77777777777778
45,18,Queso Rallado 150g,2,3444,6888,Queso Rallado 150g,3444,2024-01-19,15,False,False,True,False,False,False,True,False,True,False,False,False,False,13.0,2024-01,26,89544,9,17.77777777777778
54,18,Queso Rallado 150g,2,3444,6888,Queso Rallado 150g,3444,2024-03-26,1,False,True,False,False,False,False,True,False,False,False,True,False,False,67.0,2024-03,26,89544,9,17.77777777777778
37,18,Queso Rallado 150g,3,3444,10332,Queso Rallado 150g,3444,2024-05-17,57,False,False,False,False,True,False,True,False,False,True,False,False,False,52.0,2024-05,26,89544,9,17.77777777777778
28,18,Queso Rallado 150g,2,3444,6888,Queso Rallado 150g,3444,2024-05-20,52,False,False,False,False,True,False,True,False,False,True,False,False,False,3.0,2024-05,26,89544,9,17.77777777777778
49,18,Queso Rallado 150g,3,3444,10332,Queso Rallado 150g,3444,2024-06-02,5,False,False,True,False,False,False,True,False,True,False,False,False,False,13.0,2024-06,26,89544,9,17.77777777777778
109,18,Queso Rallado 150g,1,3444,3444,Queso Rallado 150g,3444,2024-06-04,64,False,False,False,False,False,True,True,False,False,False,False,True,False,2.0,2024-06,26,89544,9,17.77777777777778
100,18,Queso Rallado 150g,4,3444,13776,Queso Rallado 150g,3444,2024-06-08,69,False,False,False,False,True,False,True,False,False,True,False,False,False,4.0,2024-06,26,89544,9,17.77777777777778
56,18,Queso Rallado 150g,5,3444,17220,Queso Rallado 150g,3444,2024-06-14,15,False,False,True,False,False,False,True,False,False,True,False,False,False,6.0,2024-06,26,89544,9,17.77777777777778
84,83,Queso Untable 190g,5,1830,9150,Queso Untable 190g,1830,2024-01-02,72,False,False,True,False,False,False,True,False,True,False,False,False,False,0.0,2024-01,15,27450,5,27.0
98,83,Queso Untable 190g,3,1830,5490,Queso Untable 190g,1830,2024-01-12,43,False,False,False,True,False,False,True,False,False,False,False,True,False,10.0,2024-01,15,27450,5,27.0
6,83,Queso Untable 190g,1,1830,1830,Queso Untable 190g,1830,2024-05-05,91,False,False,False,True,False,False,True,False,False,False,False,True,False,114.0,2024-05,15,27450,5,27.0
52,83,Queso Untable 190g,2,1830,3660,Queso Untable 190g,1830,2024-05-10,5,False,False,True,False,False,False,True,False,False,False,True,False,False,5.0,2024-05,15,27450,5,27.0
23,83,Queso Untable 190g,4,1830,7320,Queso Untable 190g,1830,2024-05-16,78,False,False,False,False,False,True,True,False,False,False,False,True,False,6.0,2024-05,15,27450,5,27.0
89,72,Ron 700ml,2,3876,7752,Ron 700ml,3876,2024-01-18,17,False,False,False,False,False,True,True,False,False,False,True,False,False,0.0,2024-01,21,81396,7,23.142857142857142
32,72,Ron 700ml,5,3876,19380,Ron 700ml,3876,2024-01-30,31,False,False,False,False,False,True,True,False,True,False,False,False,False,12.0,2024-01,21,81396,7,23.142857142857142
95,72,Ron 700ml,5,3876,19380,Ron 700ml,3876,2024-02-25,26,True,False,False,False,False,False,True,False,False,True,False,False,False,26.0,2024-02,21,81396,7,23.142857142857142
14,72,Ron 700ml,5,3876,19380,Ron 700ml,3876,2024-04-18,67,True,False,False,False,False,False,True,False,False,True,False,False,False,53.0,2024-04,21,81396,7,23.142857142857142
25,72,Ron 700ml,1,3876,3876,Ron 700ml,3876,2024-04-30,13,False,True,False,False,False,False,True,False,False,False,False,True,False,12.0,2024-04,21,81396,7,23.142857142857142
28,72,Ron 700ml,1,3876,3876,Ron 700ml,3876,2024-05-20,52,False,False,False,False,True,False,True,False,False,True,False,False,False,20.0,2024-05,21,81396,7,23.142857142857142
12,72,Ron 700ml,2,3876,7752,Ron 700ml,3876,2024-06-28,96,False,False,True,False,False,False,True,False,True,False,False,False,False,39.0,2024-06,21,81396,7,23.142857142857142
72,51,Sal Fina 500g,2,1745,3490,Sal Fina 500g,1745,2024-02-17,26,True,False,False,False,False,False,True,False,False,True,False,False,False,0.0,2024-02,5,8725,3,33.666666666666664
41,51,Sal Fina 500g,1,1745,1745,Sal Fina 500g,1745,2024-03-08,29,True,False,False,False,False,False,True,False,False,False,True,False,False,20.0,2024-03,5,8725,3,33.666666666666664
83,51,Sal Fina 500g,2,1745,3490,Sal Fina 500g,1745,2024-05-28,91,False,False,False,True,False,False,True,False,True,False,False,False,False,81.0,2024-05,5,8725,3,33.666666666666664
112,43,Salsa de Tomate 500g,5,887,4435,Salsa de Tomate 500g,887,2024-01-19,28,False,False,True,False,False,False,True,False,False,False,True,False,False,0.0,2024-01,27,23949,7,15.142857142857142
58,43,Salsa de Tomate 500g,2,887,1774,Salsa de Tomate 500g,887,2024-02-04,48,False,False,True,False,False,False,True,False,False,False,False,True,False,16.0,2024-02,27,23949,7,15.142857142857142
105,43,Salsa de Tomate 500g,5,887,4435,Salsa de Tomate 500g,887,2024-02-06,1,False,True,False,False,False,False,True,False,False,False,False,True,False,2.0,2024-02,27,23949,7,15.142857142857142
92,43,Salsa de Tomate 500g,4,887,3548,Salsa de Tomate 500g,887,2024-02-09,42,True,False,False,False,False,False,True,False,False,False,False,True,False,3.0,2024-02,27,23949,7,15.142857142857142
103,43,Salsa de Tomate 500g,5,887,4435,Salsa de Tomate 500g,887,2024-03-11,39,True,False,False,False,False,False,True,False,True,False,False,False,False,31.0,2024-03,27,23949,7,15.142857142857142
60,43,Salsa de Tomate 500g,1,887,887,Salsa de Tomate 500g,887,2024-04-04,81,False,True,False,False,False,False,True,False,False,False,False,True,False,24.0,2024-04,27,23949,7,15.142857142857142
47,43,Salsa de Tomate 500g,5,887,4435,Salsa de Tomate 500g,887,2024-05-04,52,False,False,False,False,True,False,True,False,False,False,False,True,False,30.0,2024-05,27,23949,7,15.142857142857142
48,57,Servilletas x100,4,4520,18080,Servilletas x100,4520,2024-01-26,84,False,False,True,False,False,False,False,True,False,True,False,False,False,0.0,2024-01,8,36160,3,44.666666666666664
91,57,Servilletas x100,3,4520,13560,Servilletas x100,4520,2024-02-19,39,True,False,False,False,False,False,False,True,True,False,False,False,False,24.0,2024-02,8,36160,3,44.666666666666664
100,57,Servilletas x100,1,4520,4520,Servilletas x100,4520,2024-06-08,69,False,False,False,False,True,False,False,True,False,True,False,False,False,110.0,2024-06,8,36160,3,44.666666666666664
112,55,Shampoo 400ml,1,1407,1407,Shampoo 400ml,1407,2024-01-19,28,False,False,True,False,False,False,False,True,False,False,True,False,False,0.0,2024-01,9,12663,4,26.75
74,55,Shampoo 400ml,2,1407,2814,Shampoo 400ml,1407,2024-04-26,56,False,False,False,False,True,False,False,True,True,False,False,False,False,98.0,2024-04,9,12663,4,26.75
25,55,Shampoo 400ml,1,1407,1407,Shampoo 400ml,1407,2024-04-30,13,False,True,False,False,False,False,False,True,False,False,False,True,False,4.0,2024-04,9,12663,4,26.75
114,55,Shampoo 400ml,5,1407,7035,Shampoo 400ml,1407,2024-05-05,16,False,False,False,False,True,False,False,True,False,True,False,False,False,5.0,2024-05,9,12663,4,26.75
45,87,Sopa Instantánea Pollo,4,1679,6716,Sopa Instantánea Pollo,1679,2024-01-19,15,False,False,True,False,False,False,True,False,True,False,False,False,False,0.0,2024-01,8,13432,3,53.666666666666664
13,87,Sopa Instantánea Pollo,1,1679,1679,Sopa Instantánea Pollo,1679,2024-01-24,6,False,False,False,False,False,True,True,False,False,False,True,False,False,5.0,2024-01,8,13432,3,53.666666666666664
12,87,Sopa Instantánea Pollo,3,1679,5037,Sopa Instantánea Pollo,1679,2024-06-28,96,False,False,True,False,False,False,True,False,True,False,False,False,False,156.0,2024-06,8,13432,3,53.666666666666664
75,3,Sprite 1.5L,4,4964,19856,Sprite 1.5L,4964,2024-05-23,61,False,False,False,False,True,False,True,False,False,True,False,False,False,0.0,2024-05,4,19856,1,0.0
10,62,Stevia 100 sobres,1,3848,3848,Stevia 100 sobres,3848,2024-05-28,52,False,False,False,False,True,False,True,False,False,True,False,False,False,0.0,2024-05,6,23088,2,0.5
38,62,Stevia 100 sobres,5,3848,19240,Stevia 100 sobres,3848,2024-05-29,56,False,False,False,False,True,False,True,False,False,False,True,False,False,1.0,2024-05,6,23088,2,0.5
116,90,Toallas Húmedas x50,4,2902,11608,Toallas Húmedas x50,2902,2024-03-18,25,False,False,False,False,True,False,False,True,False,True,False,False,False,0.0,2024-03,12,34824,4,23.25
108,90,Toallas Húmedas x50,4,2902,11608,Toallas Húmedas x50,2902,2024-03-25,9,False,True,False,False,False,False,False,True,False,False,True,False,False,7.0,2024-03,12,34824,4,23.25
31,90,Toallas Húmedas x50,3,2902,8706,Toallas Húmedas x50,2902,2024-05-22,19,False,False,False,True,False,False,False,True,False,False,True,False,False,58.0,2024-05,12,34824,4,23.25
1,90,Toallas Húmedas x50,1,2902,2902,Toallas Húmedas x50,2902,2024-06-19,62,False,True,False,False,False,False,False,True,False,False,True,False,False,28.0,2024-06,12,34824,4,23.25
33,100,Trapo de Piso,1,4854,4854,Trapo de Piso,4854,2024-02-13,6,False,False,False,False,False,True,False,True,True,False,False,False,False,0.0,2024-02,11,53394,4,27.5
44,100,Trapo de Piso,2,4854,9708,Trapo de Piso,4854,2024-02-21,21,True,False,False,False,False,False,False,True,True,False,False,False,False,8.0,2024-02,11,53394,4,27.5
10,100,Trapo de Piso,4,4854,19416,Trapo de Piso,4854,2024-05-28,52,False,False,False,False,True,False,False,True,False,True,False,False,False,97.0,2024-05,11,53394,4,27.5
71,100,Trapo de Piso,4,4854,19416,Trapo de Piso,4854,2024-06-02,40,False,False,False,False,True,False,False,True,False,True,False,False,False,5.0,2024-06,11,53394,4,27.5
50,34,Turrón 50g,5,503,2515,Turrón 50g,503,2024-01-09,8,False,True,False,False,False,False,True,False,False,False,False,True,False,0.0,2024-01,15,7545,4,34.5
103,34,Turrón 50g,1,503,503,Turrón 50g,503,2024-03-11,39,True,False,False,False,False,False,True,False,True,False,False,False,False,62.0,2024-03,15,7545,4,34.5
101,34,Turrón 50g,4,503,2012,Turrón 50g,503,2024-03-28,72,False,False,True,False,False,False,True,False,True,False,False,False,False,17.0,2024-03,15,7545,4,34.5
77,34,Turrón 50g,5,503,2515,Turrón 50g,503,2024-05-26,55,False,False,False,True,False,False,True,False,False,False,True,False,False,59.0,2024-05,15,7545,4,34.5
45,12,Té Negro 20 saquitos,2,570,1140,Té Negro 20 saquitos,570,2024-01-19,15,False,False,True,False,False,False,True,False,True,False,False,False,False,0.0,2024-01,7,3990,3,41.0
95,12,Té Negro 20 saquitos,1,570,570,Té Negro 20 saquitos,570,2024-02-25,26,True,False,False,False,False,False,True,False,False,True,False,False,False,37.0,2024-02,7,3990,3,41.0
107,12,Té Negro 20 saquitos,4,570,2280,Té Negro 20 saquitos,570,2024-05-21,14,False,True,False,False,False,False,True,False,True,False,False,False,False,86.0,2024-05,7,3990,3,41.0
86,13,Té Verde 20 saquitos,5,2383,11915,Té Verde 20 saquitos,2383,2024-01-10,40,False,False,False,False,True,False,True,False,True,False,False,False,False,0.0,2024-01,14,33362,6,25.0
112,13,Té Verde 20 saquitos,2,2383,4766,Té Verde 20 saquitos,2383,2024-01-19,28,False,False,True,False,False,False,True,False,False,False,True,False,False,9.0,2024-01,14,33362,6,25.0
13,13,Té Verde 20 saquitos,1,2383,2383,Té Verde 20 saquitos,2383,2024-01-24,6,False,False,False,False,False,True,True,False,False,False,True,False,False,5.0,2024-01,14,33362,6,25.0
105,13,Té Verde 20 saquitos,2,2383,4766,Té Verde 20 saquitos,2383,2024-02-06,1,False,True,False,False,False,False,True,False,False,False,False,True,False,13.0,2024-02,14,33362,6,25.0
11,13,Té Verde 20 saquitos,1,2383,2383,Té Verde 20 saquitos,2383,2024-04-10,20,False,False,False,False,True,False,True,False,False,True,False,False,False,64.0,2024-04,14,33362,6,25.0
100,13,Té Verde 20 saquitos,3,2383,7149,Té Verde 20 saquitos,2383,2024-06-08,69,False,False,False,False,True,False,True,False,False,True,False,False,False,59.0,2024-06,14,33362,6,25.0
27,78,Verduras Congeladas Mix,4,4289,17156,Verduras Congeladas Mix,4289,2024-02-25,9,False,True,False,False,False,False,True,False,False,False,False,True,False,0.0,2024-02,10,42890,3,11.0
30,78,Verduras Congeladas Mix,3,4289,12867,Verduras Congeladas Mix,4289,2024-03-03,93,True,False,False,False,False,False,True,False,True,False,False,False,False,7.0,2024-03,10,42890,3,11.0
102,78,Verduras Congeladas Mix,3,4289,12867,Verduras Congeladas Mix,4289,2024-03-29,18,False,True,False,False,False,False,True,False,True,False,False,False,False,26.0,2024-03,10,42890,3,11.0
116,42,Vinagre de Alcohol 500ml,4,1195,4780,Vinagre de Alcohol 500ml,1195,2024-03-18,25,False,False,False,False,True,False,False,True,False,True,False,False,False,0.0,2024-03,4,4780,1,0.0
8,68,Vino Blanco 750ml,5,2684,13420,Vino Blanco 750ml,2684,2024-01-06,66,False,False,False,False,False,True,True,False,False,False,False,True,False,0.0,2024-01,22,59048,6,27.166666666666668
118,68,Vino Blanco 750ml,5,2684,13420,Vino Blanco 750ml,2684,2024-02-09,84,False,False,True,False,False,False,True,False,True,False,False,False,False,34.0,2024-02,22,59048,6,27.166666666666668
118,68,Vino Blanco 750ml,3,2684,8052,Vino Blanco 750ml,2684,2024-02-09,84,False,False,True,False,False,False,True,False,True,False,False,False,False,0.0,2024-02,22,59048,6,27.166666666666668
96,68,Vino Blanco 750ml,1,2684,2684,Vino Blanco 750ml,2684,2024-02-23,83,False,False,False,False,True,False,True,False,False,False,True,False,False,14.0,2024-02,22,59048,6,27.166666666666668
104,68,Vino Blanco 750ml,3,2684,8052,Vino Blanco 750ml,2684,2024-06-17,86,False,False,True,False,False,False,True,False,False,True,False,False,False,115.0,2024-06,22,59048,6,27.166666666666668
104,68,Vino Blanco 750ml,5,2684,13420,Vino Blanco 750ml,2684,2024-06-17,86,False,False,True,False,False,False,True,False,False,True,False,False,False,0.0,2024-06,22,59048,6,27.166666666666668
117,67,Vino Tinto Malbec 750ml,4,4719,18876,Vino Tinto Malbec 750ml,4719,2024-03-14,72,False,False,True,False,False,False,True,False,False,False,True,False,False,0.0,2024-03,4,18876,1,0.0
29,71,Vodka 700ml,4,508,2032,Vodka 700ml,508,2024-02-20,49,False,False,False,False,True,False,True,False,False,True,False,False,False,0.0,2024-02,4,2032,1,0.0
69,74,Whisky 750ml,3,2953,8859,Whisky 750ml,2953,2024-01-06,42,True,False,False,False,False,False,True,False,False,True,False,False,False,0.0,2024-01,8,23624,4,37.5
17,74,Whisky 750ml,3,2953,8859,Whisky 750ml,2953,2024-02-17,88,False,False,False,False,False,True,True,False,True,False,False,False,False,42.0,2024-02,8,23624,4,37.5
28,74,Whisky 750ml,1,2953,2953,Whisky 750ml,2953,2024-05-20,52,False,False,False,False,True,False,True,False,False,True,False,False,False,93.0,2024-05,8,23624,4,37.5
109,74,Whisky 750ml,1,2953,2953,Whisky 750ml,2953,2024-06-04,64,False,False,False,False,False,True,True,False,False,False,False,True,False,15.0,2024-06,8,23624,4,37.5
50,10,Yerba Mate Intensa 1kg,2,4883,9766,Yerba Mate Intensa 1kg,4883,2024-01-09,8,False,True,False,False,False,False,True,False,False,False,False,True,False,0.0,2024-01,8,39064,5,23.4
34,10,Yerba Mate Intensa 1kg,1,4883,4883,Yerba Mate Intensa 1kg,4883,2024-01-13,58,False,False,False,False,True,False,True,False,False,False,False,True,False,4.0,2024-01,8,39064,5,23.4
92,10,Yerba Mate Intensa 1kg,2,4883,9766,Yerba Mate Intensa 1kg,4883,2024-02-09,42,True,False,False,False,False,False,True,False,False,False,False,True,False,27.0,2024-02,8,39064,5,23.4
81,10,Yerba Mate Intensa 1kg,2,4883,9766,Yerba Mate Intensa 1kg,4883,2024-03-09,49,False,False,False,False,True,False,True,False,False,False,False,True,False,29.0,2024-03,8,39064,5,23.4
114,10,Yerba Mate Intensa 1kg,1,4883,4883,Yerba Mate Intensa 1kg,4883,2024-05-05,16,False,False,False,False,True,False,True,False,False,True,False,False,False,57.0,2024-05,8,39064,5,23.4
57,9,Yerba Mate Suave 1kg,5,3878,19390,Yerba Mate Suave 1kg,3878,2024-01-10,34,False,False,False,False,False,True,True,False,True,False,False,False,False,0.0,2024-01,20,77560,6,25.0
3,9,Yerba Mate Suave 1kg,2,3878,7756,Yerba Mate Suave 1kg,3878,2024-01-13,20,False,False,False,False,True,False,True,False,False,False,True,False,False,3.0,2024-01,20,77560,6,25.0
22,9,Yerba Mate Suave 1kg,2,3878,7756,Yerba Mate Suave 1kg,3878,2024-05-08,64,False,False,False,False,False,True,True,False,False,False,False,True,False,116.0,2024-05,20,77560,6,25.0
52,9,Yerba Mate Suave 1kg,4,3878,15512,Yerba Mate Suave 1kg,3878,2024-05-10,5,False,False,True,False,False,False,True,False,False,False,True,False,False,2.0,2024-05,20,77560,6,25.0
61,9,Yerba Mate Suave 1kg,3,3878,11634,Yerba Mate Suave 1kg,3878,2024-06-01,27,False,False,False,False,True,False,True,False,True,False,False,False,False,22.0,2024-06,20,77560,6,25.0
100,9,Yerba Mate Suave 1kg,4,3878,15512,Yerba Mate Suave 1kg,3878,2024-06-08,69,False,False,False,False,True,False,True,False,False,True,False,False,False,7.0,2024-06,20,77560,6,25.0
66,16,Yogur Natural 200g,3,4613,13839,Yogur Natural 200g,4613,2024-03-14,69,False,False,False,False,True,False,True,False,False,True,False,False,False,0.0,2024-03,3,13839,1,0.0
